txn_ref_id,sys_a_date,sys_a_amount_attribute_1,sys_a_amount_attribute_2,sys_b_amount,sys_b_fee,currency_type
44516715,02/04/24,20,1.4,Not Found-SysB,Not Found-SysB,INR
34286015,07/07/24,116.6999969,1.4,Not Found-SysB,Not Found-SysB,INR
90851690,07/05/24,50,1.4,Not Found-SysB,Not Found-SysB,INR
67286592,30/07/24,900,1.4,Not Found-SysB,Not Found-SysB,INR
15780875,14/08/24,1120,1.4,Not Found-SysB,Not Found-SysB,INR
88712053,02/08/24,101,1.4,Not Found-SysB,Not Found-SysB,INR
35877233,06/08/24,430,1.4,Not Found-SysB,Not Found-SysB,INR
62671578,07/08/24,1020,1.4,Not Found-SysB,Not Found-SysB,INR
50407375,07/08/24,150,1.4,Not Found-SysB,Not Found-SysB,INR
92497763,13/08/24,50.40000153,1.4,Not Found-SysB,Not Found-SysB,INR
85311511,13/08/24,65,1.4,Not Found-SysB,Not Found-SysB,INR
84045829,13/08/24,5,1.4,Not Found-SysB,Not Found-SysB,INR
27182625,13/08/24,15,1.4,Not Found-SysB,Not Found-SysB,INR
41460616,25/08/24,372,1.4,Not Found-SysB,Not Found-SysB,INR
69226073,25/08/24,100,1.4,Not Found-SysB,Not Found-SysB,INR
73484007,26/08/24,27,1.4,Not Found-SysB,Not Found-SysB,INR
67551234,26/08/24,3,1.4,Not Found-SysB,Not Found-SysB,INR
40138173,26/08/24,430,1.4,Not Found-SysB,Not Found-SysB,INR
70850839,06/09/24,70,1.4,Not Found-SysB,Not Found-SysB,INR
28352958,26/08/24,48,1.4,Not Found-SysB,Not Found-SysB,INR
29050472,26/08/24,1920,1.4,Not Found-SysB,Not Found-SysB,INR
75896254,26/08/24,24,1.4,Not Found-SysB,Not Found-SysB,INR
94744868,27/08/24,211,1.4,Not Found-SysB,Not Found-SysB,INR
39566472,26/08/24,2,1.4,Not Found-SysB,Not Found-SysB,INR
43994020,26/08/24,20,1.4,Not Found-SysB,Not Found-SysB,INR
74823105,25/08/24,370,1.4,Not Found-SysB,Not Found-SysB,INR
14854638,26/08/24,250,1.4,Not Found-SysB,Not Found-SysB,INR
78700075,26/08/24,64,1.4,Not Found-SysB,Not Found-SysB,INR
43520252,26/08/24,499,1.4,Not Found-SysB,Not Found-SysB,INR
28457757,26/08/24,4.199999809,1.4,Not Found-SysB,Not Found-SysB,INR
13739341,03/09/24,10500,3.5,Not Found-SysB,Not Found-SysB,INR
60548338,27/09/24,7000,3.5,Not Found-SysB,Not Found-SysB,INR
28291307,11/10/24,30,1.4,Not Found-SysB,Not Found-SysB,INR
43629865,05/04/24,90,1.4,Not Found-SysB,Not Found-SysB,INR
41686287,11/04/24,800,1.4,Not Found-SysB,Not Found-SysB,INR
78992025,03/05/24,102,1.4,Not Found-SysB,Not Found-SysB,INR
74514252,22/07/24,1000,1.4,Not Found-SysB,Not Found-SysB,INR
62447816,22/07/24,150,1.4,Not Found-SysB,Not Found-SysB,INR
94103714,25/07/24,2800,3.5,Not Found-SysB,Not Found-SysB,INR
81698225,09/08/24,300,1.4,Not Found-SysB,Not Found-SysB,INR
11499632,06/08/24,50,1.4,Not Found-SysB,Not Found-SysB,INR
40936510,06/08/24,130,1.4,Not Found-SysB,Not Found-SysB,INR
98335702,07/08/24,1800,1.4,Not Found-SysB,Not Found-SysB,INR
11502949,13/08/24,300,1.4,Not Found-SysB,Not Found-SysB,INR
64766578,13/08/24,1.399999976,1.4,Not Found-SysB,Not Found-SysB,INR
97773938,13/08/24,32,1.4,Not Found-SysB,Not Found-SysB,INR
91507618,16/08/24,20,1.4,Not Found-SysB,Not Found-SysB,INR
60827341,26/08/24,202,1.4,Not Found-SysB,Not Found-SysB,INR
82340925,26/08/24,29,1.4,Not Found-SysB,Not Found-SysB,INR
40583922,26/08/24,3111,3.5,Not Found-SysB,Not Found-SysB,INR
55882083,26/08/24,40,1.4,Not Found-SysB,Not Found-SysB,INR
76891609,26/08/24,168.8000031,1.4,Not Found-SysB,Not Found-SysB,INR
67263824,27/08/24,2,1.4,Not Found-SysB,Not Found-SysB,INR
43212586,27/08/24,144,1.4,Not Found-SysB,Not Found-SysB,INR
62098069,26/08/24,300,1.4,Not Found-SysB,Not Found-SysB,INR
13618725,26/08/24,6,1.4,Not Found-SysB,Not Found-SysB,INR
81768473,26/08/24,3,1.4,Not Found-SysB,Not Found-SysB,INR
96988196,26/08/24,15,1.4,Not Found-SysB,Not Found-SysB,INR
15364726,26/08/24,40,1.4,Not Found-SysB,Not Found-SysB,INR
65259380,26/08/24,351,1.4,Not Found-SysB,Not Found-SysB,INR
84972550,26/08/24,17,1.4,Not Found-SysB,Not Found-SysB,INR
71194233,25/08/24,127,1.4,Not Found-SysB,Not Found-SysB,INR
77234526,09/10/24,501,1.4,Not Found-SysB,Not Found-SysB,INR
33963035,08/10/24,21,1.4,Not Found-SysB,Not Found-SysB,INR
20349703,03/10/24,10400,3.5,Not Found-SysB,Not Found-SysB,INR
66937809,26/10/24,3126,3.5,Not Found-SysB,Not Found-SysB,INR
58637973,16/11/24,407,1.4,Not Found-SysB,Not Found-SysB,INR
73307871,12/11/24,127,1.4,Not Found-SysB,Not Found-SysB,INR
20197198,27/11/24,5500,3.5,Not Found-SysB,Not Found-SysB,INR
74727226,03/12/24,10,1.4,Not Found-SysB,Not Found-SysB,INR
97566778,16/11/24,1.399999976,1.4,Not Found-SysB,Not Found-SysB,INR
32616337,18/11/24,200,1.4,Not Found-SysB,Not Found-SysB,INR
36758479,18/11/24,3,1.4,Not Found-SysB,Not Found-SysB,INR
90014073,02/04/24,84.41000366,1.4,Not Found-SysB,Not Found-SysB,INR
73239761,17/04/24,40000,3.5,Not Found-SysB,Not Found-SysB,INR
78839426,10/07/24,7120,3.5,Not Found-SysB,Not Found-SysB,INR
53186640,30/04/24,68,1.4,Not Found-SysB,Not Found-SysB,INR
37331518,18/07/24,50,1.4,Not Found-SysB,Not Found-SysB,INR
67468527,23/07/24,1275,1.4,Not Found-SysB,Not Found-SysB,INR
42205539,09/08/24,350,1.4,Not Found-SysB,Not Found-SysB,INR
44316620,16/08/24,700,1.4,Not Found-SysB,Not Found-SysB,INR
40908049,06/08/24,1000,1.4,Not Found-SysB,Not Found-SysB,INR
43371350,05/08/24,7000,3.5,Not Found-SysB,Not Found-SysB,INR
32179801,07/08/24,25,1.4,Not Found-SysB,Not Found-SysB,INR
17771704,13/08/24,1700,1.4,Not Found-SysB,Not Found-SysB,INR
36051516,13/08/24,675,1.4,Not Found-SysB,Not Found-SysB,INR
74679886,13/08/24,20.29999924,1.4,Not Found-SysB,Not Found-SysB,INR
41919651,13/08/24,270,1.4,Not Found-SysB,Not Found-SysB,INR
70316575,25/08/24,15,1.4,Not Found-SysB,Not Found-SysB,INR
83413298,25/08/24,52,1.4,Not Found-SysB,Not Found-SysB,INR
49881751,26/08/24,10000,3.5,Not Found-SysB,Not Found-SysB,INR
44997447,26/08/24,180,1.4,Not Found-SysB,Not Found-SysB,INR
89968841,26/08/24,6083,3.5,Not Found-SysB,Not Found-SysB,INR
85884133,26/08/24,150,1.4,Not Found-SysB,Not Found-SysB,INR
60104471,26/08/24,100,1.4,Not Found-SysB,Not Found-SysB,INR
13227660,26/08/24,4000,3.5,Not Found-SysB,Not Found-SysB,INR
88813193,26/08/24,7384,3.5,Not Found-SysB,Not Found-SysB,INR
11570297,26/08/24,350,1.4,Not Found-SysB,Not Found-SysB,INR
92873637,26/08/24,15,1.4,Not Found-SysB,Not Found-SysB,INR
43695040,26/08/24,22,1.4,Not Found-SysB,Not Found-SysB,INR
63871003,26/08/24,20,1.4,Not Found-SysB,Not Found-SysB,INR
76366358,26/08/24,5,1.4,Not Found-SysB,Not Found-SysB,INR
83911583,26/08/24,100,1.4,Not Found-SysB,Not Found-SysB,INR
81917918,26/08/24,10,1.4,Not Found-SysB,Not Found-SysB,INR
64990183,03/09/24,10500,3.5,Not Found-SysB,Not Found-SysB,INR
76783419,27/09/24,5060,3.5,Not Found-SysB,Not Found-SysB,INR
96468014,05/04/24,11.39000034,1.4,Not Found-SysB,Not Found-SysB,INR
74785864,17/04/24,575,1.4,Not Found-SysB,Not Found-SysB,INR
70826402,28/04/24,520,1.4,Not Found-SysB,Not Found-SysB,INR
45031467,11/10/24,20,1.4,Not Found-SysB,Not Found-SysB,INR
65781697,16/07/24,2,1.4,Not Found-SysB,Not Found-SysB,INR
99617229,23/07/24,12000,3.5,Not Found-SysB,Not Found-SysB,INR
25752551,29/07/24,35,1.4,Not Found-SysB,Not Found-SysB,INR
95197689,06/08/24,11.19999981,1.4,Not Found-SysB,Not Found-SysB,INR
89151560,13/08/24,1225,1.4,Not Found-SysB,Not Found-SysB,INR
79471280,13/08/24,667.9000244,1.4,Not Found-SysB,Not Found-SysB,INR
36669936,13/08/24,256.8099976,1.4,Not Found-SysB,Not Found-SysB,INR
65981988,13/08/24,40,1.4,Not Found-SysB,Not Found-SysB,INR
16780815,25/08/24,350,1.4,Not Found-SysB,Not Found-SysB,INR
34949731,26/08/24,340,1.4,Not Found-SysB,Not Found-SysB,INR
84490819,26/08/24,9000,3.5,Not Found-SysB,Not Found-SysB,INR
32805372,26/08/24,700,1.4,Not Found-SysB,Not Found-SysB,INR
80266019,26/08/24,1000,1.4,Not Found-SysB,Not Found-SysB,INR
48732520,26/08/24,1750,1.4,Not Found-SysB,Not Found-SysB,INR
63126963,26/08/24,810,1.4,Not Found-SysB,Not Found-SysB,INR
49176653,26/08/24,84,1.4,Not Found-SysB,Not Found-SysB,INR
17396018,27/08/24,362,1.4,Not Found-SysB,Not Found-SysB,INR
81306467,26/08/24,200,1.4,Not Found-SysB,Not Found-SysB,INR
43543651,26/08/24,76,1.4,Not Found-SysB,Not Found-SysB,INR
69007428,26/08/24,2,1.4,Not Found-SysB,Not Found-SysB,INR
36702557,25/08/24,600,1.4,Not Found-SysB,Not Found-SysB,INR
23310712,26/08/24,15000,3.5,Not Found-SysB,Not Found-SysB,INR
71372534,26/08/24,60,1.4,Not Found-SysB,Not Found-SysB,INR
69072313,26/08/24,223,1.4,Not Found-SysB,Not Found-SysB,INR
13631362,26/08/24,340,1.4,Not Found-SysB,Not Found-SysB,INR
18297514,18/09/24,7.699999809,1.4,Not Found-SysB,Not Found-SysB,INR
27178082,27/09/24,35,1.4,Not Found-SysB,Not Found-SysB,INR
15774621,12/10/24,1059,1.4,Not Found-SysB,Not Found-SysB,INR
71878823,25/10/24,3.630000114,1.4,Not Found-SysB,Not Found-SysB,INR
56893464,26/10/24,230,1.4,Not Found-SysB,Not Found-SysB,INR
85688856,16/11/24,102,1.4,Not Found-SysB,Not Found-SysB,INR
57673464,19/11/24,173,1.4,Not Found-SysB,Not Found-SysB,INR
99927636,12/11/24,100,1.4,Not Found-SysB,Not Found-SysB,INR
68510151,01/12/24,35,1.4,Not Found-SysB,Not Found-SysB,INR
63554274,13/04/24,58,1.4,Not Found-SysB,Not Found-SysB,INR
79338124,26/04/24,507,1.4,Not Found-SysB,Not Found-SysB,INR
19198324,08/05/24,2040,3.5,Not Found-SysB,Not Found-SysB,INR
80445127,16/07/24,5400,3.5,Not Found-SysB,Not Found-SysB,INR
51193080,29/07/24,28000,3.5,Not Found-SysB,Not Found-SysB,INR
45013796,27/07/24,108,1.4,Not Found-SysB,Not Found-SysB,INR
46885315,23/07/24,2016,3.5,Not Found-SysB,Not Found-SysB,INR
47221480,07/08/24,150,1.4,Not Found-SysB,Not Found-SysB,INR
50157984,06/08/24,132.5,1.4,Not Found-SysB,Not Found-SysB,INR
30529465,13/08/24,300,1.4,Not Found-SysB,Not Found-SysB,INR
30725357,13/08/24,555,1.4,Not Found-SysB,Not Found-SysB,INR
30385965,13/08/24,100.3000031,1.4,Not Found-SysB,Not Found-SysB,INR
54749274,26/08/24,3358.100098,3.5,Not Found-SysB,Not Found-SysB,INR
35025502,26/08/24,495.5,1.4,Not Found-SysB,Not Found-SysB,INR
27937114,26/08/24,57,1.4,Not Found-SysB,Not Found-SysB,INR
64406097,26/08/24,3,1.4,Not Found-SysB,Not Found-SysB,INR
43351344,26/08/24,3050,3.5,Not Found-SysB,Not Found-SysB,INR
29630654,26/08/24,406,1.4,Not Found-SysB,Not Found-SysB,INR
25544476,26/08/24,16,1.4,Not Found-SysB,Not Found-SysB,INR
23126828,26/08/24,8500,3.5,Not Found-SysB,Not Found-SysB,INR
42071204,26/08/24,100,1.4,Not Found-SysB,Not Found-SysB,INR
22592504,26/08/24,6.300000191,1.4,Not Found-SysB,Not Found-SysB,INR
80888552,26/08/24,150,1.4,Not Found-SysB,Not Found-SysB,INR
45864178,26/08/24,10,1.4,Not Found-SysB,Not Found-SysB,INR
95202800,26/08/24,10,1.4,Not Found-SysB,Not Found-SysB,INR
71994644,26/08/24,50,1.4,Not Found-SysB,Not Found-SysB,INR
22080766,26/08/24,313,1.4,Not Found-SysB,Not Found-SysB,INR
51144519,02/09/24,174,1.4,Not Found-SysB,Not Found-SysB,INR
95801678,04/09/24,10000,3.5,Not Found-SysB,Not Found-SysB,INR
85992415,18/09/24,84.5,1.4,Not Found-SysB,Not Found-SysB,INR
72160656,01/10/24,28000,3.5,Not Found-SysB,Not Found-SysB,INR
80573428,06/10/24,70000,3.5,Not Found-SysB,Not Found-SysB,INR
39706069,22/10/24,2170,3.5,Not Found-SysB,Not Found-SysB,INR
26832395,14/11/24,1624,1.4,Not Found-SysB,Not Found-SysB,INR
47444117,25/11/24,8,1.4,Not Found-SysB,Not Found-SysB,INR
13986642,09/04/24,14,1.4,Not Found-SysB,Not Found-SysB,INR
72452114,17/04/24,5835.700195,3.5,Not Found-SysB,Not Found-SysB,INR
84050325,09/08/24,20,1.4,Not Found-SysB,Not Found-SysB,INR
32387155,13/05/24,100,1.4,Not Found-SysB,Not Found-SysB,INR
31439028,16/07/24,508,1.4,Not Found-SysB,Not Found-SysB,INR
88420641,23/07/24,1700,1.4,Not Found-SysB,Not Found-SysB,INR
11190001,30/07/24,500,1.4,Not Found-SysB,Not Found-SysB,INR
26977529,07/08/24,23,1.4,Not Found-SysB,Not Found-SysB,INR
80144100,07/08/24,100,1.4,Not Found-SysB,Not Found-SysB,INR
99646652,07/08/24,500,1.4,Not Found-SysB,Not Found-SysB,INR
63392311,07/08/24,130,1.4,Not Found-SysB,Not Found-SysB,INR
58366437,13/08/24,10000,3.5,Not Found-SysB,Not Found-SysB,INR
13836968,13/08/24,100,1.4,Not Found-SysB,Not Found-SysB,INR
70469434,13/08/24,13,1.4,Not Found-SysB,Not Found-SysB,INR
89330444,13/08/24,105,1.4,Not Found-SysB,Not Found-SysB,INR
60809058,25/08/24,368,1.4,Not Found-SysB,Not Found-SysB,INR
78377586,25/08/24,25,1.4,Not Found-SysB,Not Found-SysB,INR
14565692,26/08/24,70,1.4,Not Found-SysB,Not Found-SysB,INR
95078629,25/08/24,4500,3.5,Not Found-SysB,Not Found-SysB,INR
46223354,26/08/24,200,1.4,Not Found-SysB,Not Found-SysB,INR
85801698,26/08/24,350,1.4,Not Found-SysB,Not Found-SysB,INR
25063187,26/08/24,12,1.4,Not Found-SysB,Not Found-SysB,INR
47680195,26/08/24,50,1.4,Not Found-SysB,Not Found-SysB,INR
72341820,26/08/24,8872,3.5,Not Found-SysB,Not Found-SysB,INR
84258600,26/08/24,2558,3.5,Not Found-SysB,Not Found-SysB,INR
36418100,26/08/24,4.099999905,1.4,Not Found-SysB,Not Found-SysB,INR
54002596,26/08/24,250.5500031,1.4,Not Found-SysB,Not Found-SysB,INR
67934894,26/08/24,4,1.4,Not Found-SysB,Not Found-SysB,INR
91420618,02/09/24,10000,3.5,Not Found-SysB,Not Found-SysB,INR
16031495,19/09/24,500,1.4,Not Found-SysB,Not Found-SysB,INR
93376156,14/10/24,1700,1.4,Not Found-SysB,Not Found-SysB,INR
60583117,23/10/24,100,1.4,Not Found-SysB,Not Found-SysB,INR
84315414,09/11/24,1.399999976,1.4,Not Found-SysB,Not Found-SysB,INR
58192731,21/11/24,255,1.4,Not Found-SysB,Not Found-SysB,INR
99315383,19/11/24,508,1.4,Not Found-SysB,Not Found-SysB,INR
85011595,18/11/24,400,1.4,Not Found-SysB,Not Found-SysB,INR
24582115,19/11/24,178,1.4,Not Found-SysB,Not Found-SysB,INR
78725216,21/11/24,35.27000046,1.4,Not Found-SysB,Not Found-SysB,INR
40131036,26/11/24,6500,3.5,Not Found-SysB,Not Found-SysB,INR
56221933,20/11/24,35000,3.5,Not Found-SysB,Not Found-SysB,INR
81109466,11/04/24,3.539999962,1.4,Not Found-SysB,Not Found-SysB,INR
19678628,18/07/24,399,1.4,Not Found-SysB,Not Found-SysB,INR
77464118,28/07/24,13828,3.5,Not Found-SysB,Not Found-SysB,INR
20191171,30/07/24,1590,1.4,Not Found-SysB,Not Found-SysB,INR
50584238,08/08/24,716,1.4,Not Found-SysB,Not Found-SysB,INR
94802087,06/08/24,10,1.4,Not Found-SysB,Not Found-SysB,INR
34766502,06/08/24,50,1.4,Not Found-SysB,Not Found-SysB,INR
89393427,06/08/24,227,1.4,Not Found-SysB,Not Found-SysB,INR
51593934,13/08/24,41,1.4,Not Found-SysB,Not Found-SysB,INR
42954847,13/08/24,620,1.4,Not Found-SysB,Not Found-SysB,INR
88594770,13/08/24,2604,3.5,Not Found-SysB,Not Found-SysB,INR
87031862,13/08/24,80,1.4,Not Found-SysB,Not Found-SysB,INR
64507583,13/08/24,10000,3.5,Not Found-SysB,Not Found-SysB,INR
73685094,20/08/24,740,1.4,Not Found-SysB,Not Found-SysB,INR
67997666,25/08/24,24,1.4,Not Found-SysB,Not Found-SysB,INR
16057618,26/08/24,30,1.4,Not Found-SysB,Not Found-SysB,INR
98990214,26/08/24,15,1.4,Not Found-SysB,Not Found-SysB,INR
70363631,26/08/24,1869,1.4,Not Found-SysB,Not Found-SysB,INR
44579924,26/08/24,1006.799988,1.4,Not Found-SysB,Not Found-SysB,INR
97458201,26/08/24,530,1.4,Not Found-SysB,Not Found-SysB,INR
77064783,26/08/24,200,1.4,Not Found-SysB,Not Found-SysB,INR
35856017,26/08/24,5,1.4,Not Found-SysB,Not Found-SysB,INR
71370679,26/08/24,1200,1.4,Not Found-SysB,Not Found-SysB,INR
21261627,26/08/24,1020,1.4,Not Found-SysB,Not Found-SysB,INR
99096854,26/08/24,1200,1.4,Not Found-SysB,Not Found-SysB,INR
17139032,26/08/24,130,1.4,Not Found-SysB,Not Found-SysB,INR
20435161,25/08/24,58,1.4,Not Found-SysB,Not Found-SysB,INR
62394233,26/08/24,3,1.4,Not Found-SysB,Not Found-SysB,INR
39940329,26/08/24,116,1.4,Not Found-SysB,Not Found-SysB,INR
17036258,26/08/24,896,1.4,Not Found-SysB,Not Found-SysB,INR
83304881,26/08/24,1100,1.4,Not Found-SysB,Not Found-SysB,INR
74430661,26/08/24,19,1.4,Not Found-SysB,Not Found-SysB,INR
93702435,07/10/24,400,1.4,Not Found-SysB,Not Found-SysB,INR
57216401,02/10/24,2300,3.5,Not Found-SysB,Not Found-SysB,INR
26086076,06/10/24,70000,3.5,Not Found-SysB,Not Found-SysB,INR
63628034,03/11/24,2,1.4,Not Found-SysB,Not Found-SysB,INR
43483361,18/11/24,18,1.4,Not Found-SysB,Not Found-SysB,INR
86227585,07/04/24,510,1.4,Not Found-SysB,Not Found-SysB,INR
49754492,08/08/24,1.399999976,1.4,Not Found-SysB,Not Found-SysB,INR
23188906,07/07/24,814.7999878,1.4,Not Found-SysB,Not Found-SysB,INR
48338526,03/05/24,20,1.4,Not Found-SysB,Not Found-SysB,INR
15666265,27/07/24,100,1.4,Not Found-SysB,Not Found-SysB,INR
39314755,06/08/24,200,1.4,Not Found-SysB,Not Found-SysB,INR
22026753,06/08/24,111,1.4,Not Found-SysB,Not Found-SysB,INR
79582591,07/08/24,430,1.4,Not Found-SysB,Not Found-SysB,INR
15670749,13/08/24,210,1.4,Not Found-SysB,Not Found-SysB,INR
89737148,13/08/24,15000,3.5,Not Found-SysB,Not Found-SysB,INR
87574976,13/08/24,4004,3.5,Not Found-SysB,Not Found-SysB,INR
48877049,13/08/24,50,1.4,Not Found-SysB,Not Found-SysB,INR
69049577,13/08/24,2200,3.5,Not Found-SysB,Not Found-SysB,INR
48953352,25/08/24,43.00999832,1.4,Not Found-SysB,Not Found-SysB,INR
85338881,26/08/24,53,1.4,Not Found-SysB,Not Found-SysB,INR
27282241,26/08/24,100,1.4,Not Found-SysB,Not Found-SysB,INR
15438522,26/08/24,60,1.4,Not Found-SysB,Not Found-SysB,INR
63870287,27/08/24,600,1.4,Not Found-SysB,Not Found-SysB,INR
44454457,26/08/24,90,1.4,Not Found-SysB,Not Found-SysB,INR
93290568,26/08/24,5774,3.5,Not Found-SysB,Not Found-SysB,INR
14472621,26/08/24,5,1.4,Not Found-SysB,Not Found-SysB,INR
90325680,26/08/24,670,1.4,Not Found-SysB,Not Found-SysB,INR
41890042,27/08/24,365,1.4,Not Found-SysB,Not Found-SysB,INR
82898396,27/08/24,5747,3.5,Not Found-SysB,Not Found-SysB,INR
48041187,25/08/24,161,1.4,Not Found-SysB,Not Found-SysB,INR
49263173,26/08/24,87,1.4,Not Found-SysB,Not Found-SysB,INR
56219599,26/08/24,9177,3.5,Not Found-SysB,Not Found-SysB,INR
58191741,26/08/24,50,1.4,Not Found-SysB,Not Found-SysB,INR
87045085,26/08/24,100,1.4,Not Found-SysB,Not Found-SysB,INR
94057189,26/08/24,16,1.4,Not Found-SysB,Not Found-SysB,INR
48084830,26/08/24,4.199999809,1.4,Not Found-SysB,Not Found-SysB,INR
66594787,30/08/24,26,1.4,Not Found-SysB,Not Found-SysB,INR
83034507,09/10/24,3828,3.5,Not Found-SysB,Not Found-SysB,INR
54199987,31/10/24,40,1.4,Not Found-SysB,Not Found-SysB,INR
90771373,25/10/24,100000,3.5,Not Found-SysB,Not Found-SysB,INR
64492961,14/11/24,500,1.4,Not Found-SysB,Not Found-SysB,INR
60644671,20/11/24,5000,3.5,Not Found-SysB,Not Found-SysB,INR
78319776,29/11/24,400,1.4,Not Found-SysB,Not Found-SysB,INR
80082989,06/04/24,2,1.4,Not Found-SysB,Not Found-SysB,INR
22407037,30/04/24,130,1.4,Not Found-SysB,Not Found-SysB,INR
57570218,07/05/24,70,1.4,Not Found-SysB,Not Found-SysB,INR
69111767,01/07/24,900,1.4,Not Found-SysB,Not Found-SysB,INR
51624104,23/07/24,7000,3.5,Not Found-SysB,Not Found-SysB,INR
56462134,25/07/24,15000,3.5,Not Found-SysB,Not Found-SysB,INR
35924409,05/08/24,54,1.4,Not Found-SysB,Not Found-SysB,INR
99575802,06/08/24,60,1.4,Not Found-SysB,Not Found-SysB,INR
67014211,13/08/24,2831,3.5,Not Found-SysB,Not Found-SysB,INR
20972505,13/08/24,357,1.4,Not Found-SysB,Not Found-SysB,INR
77638425,26/08/24,835,1.4,Not Found-SysB,Not Found-SysB,INR
32066969,26/08/24,8,1.4,Not Found-SysB,Not Found-SysB,INR
18127714,26/08/24,150,1.4,Not Found-SysB,Not Found-SysB,INR
94268694,26/08/24,13,1.4,Not Found-SysB,Not Found-SysB,INR
50140494,26/08/24,22,1.4,Not Found-SysB,Not Found-SysB,INR
35978985,26/08/24,600,1.4,Not Found-SysB,Not Found-SysB,INR
84403433,26/08/24,170,1.4,Not Found-SysB,Not Found-SysB,INR
78613705,27/08/24,800,1.4,Not Found-SysB,Not Found-SysB,INR
71897375,26/08/24,1566,1.4,Not Found-SysB,Not Found-SysB,INR
45266130,26/08/24,11,1.4,Not Found-SysB,Not Found-SysB,INR
55786523,26/08/24,317,1.4,Not Found-SysB,Not Found-SysB,INR
67427920,26/08/24,500,1.4,Not Found-SysB,Not Found-SysB,INR
11476593,25/08/24,410,1.4,Not Found-SysB,Not Found-SysB,INR
66714897,18/09/24,150,1.4,Not Found-SysB,Not Found-SysB,INR
55296818,29/09/24,28000,3.5,Not Found-SysB,Not Found-SysB,INR
30114030,23/10/24,20,1.4,Not Found-SysB,Not Found-SysB,INR
91716285,12/11/24,498,1.4,Not Found-SysB,Not Found-SysB,INR
51476972,03/04/24,50,1.4,Not Found-SysB,Not Found-SysB,INR
71163037,16/04/24,700,1.4,Not Found-SysB,Not Found-SysB,INR
51456900,27/04/24,88,1.4,Not Found-SysB,Not Found-SysB,INR
85967837,18/07/24,5,1.4,Not Found-SysB,Not Found-SysB,INR
76299117,28/07/24,12000,3.5,Not Found-SysB,Not Found-SysB,INR
63013333,23/07/24,136.3000031,1.4,Not Found-SysB,Not Found-SysB,INR
74552575,31/07/24,30,1.4,Not Found-SysB,Not Found-SysB,INR
63516557,06/08/24,15000,3.5,Not Found-SysB,Not Found-SysB,INR
65539005,07/08/24,230,1.4,Not Found-SysB,Not Found-SysB,INR
64625802,06/08/24,357,1.4,Not Found-SysB,Not Found-SysB,INR
32928867,13/08/24,4063,3.5,Not Found-SysB,Not Found-SysB,INR
57264599,13/08/24,100,1.4,Not Found-SysB,Not Found-SysB,INR
17712168,13/08/24,650,1.4,Not Found-SysB,Not Found-SysB,INR
69520500,13/08/24,30700,3.5,Not Found-SysB,Not Found-SysB,INR
32667890,13/08/24,2133,3.5,Not Found-SysB,Not Found-SysB,INR
81306730,25/08/24,271,1.4,Not Found-SysB,Not Found-SysB,INR
21474964,07/08/24,118,1.4,Not Found-SysB,Not Found-SysB,INR
53507415,07/08/24,11,1.4,Not Found-SysB,Not Found-SysB,INR
36410694,13/08/24,425,1.4,Not Found-SysB,Not Found-SysB,INR
34630923,13/08/24,254,1.4,Not Found-SysB,Not Found-SysB,INR
50121636,13/08/24,285,1.4,Not Found-SysB,Not Found-SysB,INR
30266427,25/08/24,1.700000048,1.4,Not Found-SysB,Not Found-SysB,INR
67686600,26/08/24,41.29999924,1.4,Not Found-SysB,Not Found-SysB,INR
72082763,27/08/24,2550,3.5,Not Found-SysB,Not Found-SysB,INR
18288806,26/08/24,22,1.4,Not Found-SysB,Not Found-SysB,INR
40055682,26/08/24,751,1.4,Not Found-SysB,Not Found-SysB,INR
95214704,26/08/24,230,1.4,Not Found-SysB,Not Found-SysB,INR
46059234,26/08/24,800,1.4,Not Found-SysB,Not Found-SysB,INR
49486899,26/08/24,535,1.4,Not Found-SysB,Not Found-SysB,INR
72090393,26/08/24,1614,1.4,Not Found-SysB,Not Found-SysB,INR
79889713,26/08/24,3679.399902,3.5,Not Found-SysB,Not Found-SysB,INR
47794253,26/08/24,2.099999905,1.4,Not Found-SysB,Not Found-SysB,INR
67629612,26/08/24,3000,3.5,Not Found-SysB,Not Found-SysB,INR
44602994,26/08/24,2,1.4,Not Found-SysB,Not Found-SysB,INR
31103408,26/08/24,300,1.4,Not Found-SysB,Not Found-SysB,INR
92874197,17/09/24,250,1.4,Not Found-SysB,Not Found-SysB,INR
43456159,21/09/24,220,1.4,Not Found-SysB,Not Found-SysB,INR
77747044,28/10/24,39,1.4,Not Found-SysB,Not Found-SysB,INR
91387450,26/10/24,100,1.4,Not Found-SysB,Not Found-SysB,INR
63726504,26/11/24,1000,1.4,Not Found-SysB,Not Found-SysB,INR
96756050,21/11/24,4140,3.5,Not Found-SysB,Not Found-SysB,INR
82306759,21/11/24,922,1.4,Not Found-SysB,Not Found-SysB,INR
97217561,18/11/24,136,1.4,Not Found-SysB,Not Found-SysB,INR
88536687,18/09/24,60,,Not Found-SysB,,INR
91487528,12/10/24,19,,Not Found-SysB,,INR
65233475,15/09/24,80,,Not Found-SysB,,INR
29788945,31/07/24,1,,Not Found-SysB,,INR
39716672,11/10/24,25,,Not Found-SysB,,INR
30657675,04/08/24,1000,,Not Found-SysB,,INR
75861195,16/11/24,50,,Not Found-SysB,,INR
21961279,07/10/24,147,,Not Found-SysB,,INR
22240733,06/11/24,1000,,Not Found-SysB,,INR
37625748,28/08/24,20,,Not Found-SysB,,INR
92693084,08/05/24,30,,Not Found-SysB,,INR
93682319,11/10/24,100,,Not Found-SysB,,INR
97517313,15/10/24,1300,,Not Found-SysB,,INR
47110013,05/06/24,1000,,Not Found-SysB,,INR
48842093,16/11/24,50,,Not Found-SysB,,INR
83876999,30/07/24,4306,,Not Found-SysB,,INR
18190236,25/06/24,20,,Not Found-SysB,,INR
74349340,01/07/24,50,,Not Found-SysB,,INR
50169680,26/10/24,20,,Not Found-SysB,,INR
78638330,25/09/24,1000,,Not Found-SysB,,INR
10415592,02/05/24,500,,Not Found-SysB,,INR
69567395,20/06/24,200,,Not Found-SysB,,INR
70689402,23/10/24,5,,Not Found-SysB,,INR
16078704,08/08/24,400,,Not Found-SysB,,INR
78195786,21/06/24,5,,Not Found-SysB,,INR
73725150,04/09/24,1,,Not Found-SysB,,INR
26318291,27/05/24,71,,Not Found-SysB,,INR
36086189,10/07/24,100,,Not Found-SysB,,INR
21689944,08/10/24,10,,Not Found-SysB,,INR
24355832,22/06/24,1,,Not Found-SysB,,INR
42151777,14/09/24,30,,Not Found-SysB,,INR
24727180,30/09/24,1,,Not Found-SysB,,INR
19727476,27/10/24,80,,Not Found-SysB,,INR
57647480,27/06/24,50,,Not Found-SysB,,INR
67948757,30/05/24,200,,Not Found-SysB,,INR
80614842,02/05/24,100,,Not Found-SysB,,INR
16809166,08/06/24,20,,Not Found-SysB,,INR
39521149,17/09/24,100,,Not Found-SysB,,INR
89675899,04/06/24,600,,Not Found-SysB,,INR
71895690,20/09/24,3,,Not Found-SysB,,INR
60915426,26/05/24,49,,Not Found-SysB,,INR
63729916,29/07/24,100,,Not Found-SysB,,INR
29937166,23/10/24,100,,Not Found-SysB,,INR
93870547,09/10/24,260,,Not Found-SysB,,INR
65819128,10/08/24,500,,Not Found-SysB,,INR
17824709,10/10/24,36,,Not Found-SysB,,INR
30180704,21/09/24,50,,Not Found-SysB,,INR
48455006,23/10/24,70,,Not Found-SysB,,INR
19300574,03/08/24,2,,Not Found-SysB,,INR
46267899,28/07/24,1,,Not Found-SysB,,INR
57426494,01/07/24,40,,Not Found-SysB,,INR
36889226,20/08/24,400,,Not Found-SysB,,INR
36674649,25/09/24,6,,Not Found-SysB,,INR
97750469,04/05/24,500,,Not Found-SysB,,INR
84800542,16/11/24,50,,Not Found-SysB,,INR
99735745,14/10/24,80,,Not Found-SysB,,INR
20940783,18/07/24,50,,Not Found-SysB,,INR
97824994,06/05/24,150,,Not Found-SysB,,INR
92103595,07/05/24,100,,Not Found-SysB,,INR
50175197,26/04/24,5,,Not Found-SysB,,INR
36425211,10/10/24,200,,Not Found-SysB,,INR
25958901,21/07/24,30,,Not Found-SysB,,INR
16818717,26/04/24,150,,Not Found-SysB,,INR
85446024,12/10/24,6900,,Not Found-SysB,,INR
66508225,22/09/24,200,,Not Found-SysB,,INR
92249565,04/11/24,8,,Not Found-SysB,,INR
69083738,08/05/24,500,,Not Found-SysB,,INR
55162495,29/10/24,17,,Not Found-SysB,,INR
92704365,25/11/24,50,,Not Found-SysB,,INR
22755105,28/09/24,98,,Not Found-SysB,,INR
51064389,26/07/24,9,,Not Found-SysB,,INR
16352113,09/05/24,10,,Not Found-SysB,,INR
65350380,28/11/24,1,,Not Found-SysB,,INR
42492944,26/05/24,80,,Not Found-SysB,,INR
84403515,14/10/24,2000,,Not Found-SysB,,INR
34417723,06/11/24,6,,Not Found-SysB,,INR
83657001,03/07/24,50,,Not Found-SysB,,INR
10512050,24/09/24,50,,Not Found-SysB,,INR
49392766,29/05/24,1,,Not Found-SysB,,INR
40687943,25/10/24,25,,Not Found-SysB,,INR
94255939,29/04/24,1,,Not Found-SysB,,INR
45237106,02/05/24,10,,Not Found-SysB,,INR
80532290,06/06/24,5,,Not Found-SysB,,INR
24869144,07/07/24,500,,Not Found-SysB,,INR
61157771,06/08/24,4,,Not Found-SysB,,INR
61447178,06/09/24,10,,Not Found-SysB,,INR
94087201,25/05/24,100,,Not Found-SysB,,INR
65106824,21/06/24,50,,Not Found-SysB,,INR
85299709,22/06/24,40,,Not Found-SysB,,INR
79097448,05/09/24,1,,Not Found-SysB,,INR
93995518,28/11/24,2,,Not Found-SysB,,INR
36736786,28/04/24,200,,Not Found-SysB,,INR
69279728,14/05/24,250,,Not Found-SysB,,INR
49076970,13/06/24,20,,Not Found-SysB,,INR
69406006,14/08/24,60,,Not Found-SysB,,INR
15790970,05/08/24,200,,Not Found-SysB,,INR
44503025,01/07/24,20,,Not Found-SysB,,INR
27170177,17/10/24,300,,Not Found-SysB,,INR
47439066,28/04/24,10,,Not Found-SysB,,INR
13704314,23/11/24,183,,Not Found-SysB,,INR
59615048,03/05/24,50,,Not Found-SysB,,INR
46747603,31/07/24,10,,Not Found-SysB,,INR
96101146,06/10/24,25,,Not Found-SysB,,INR
15343475,14/11/24,75,,Not Found-SysB,,INR
84064946,01/07/24,100,,Not Found-SysB,,INR
41879797,15/10/24,10,,Not Found-SysB,,INR
16268930,21/10/24,5,,Not Found-SysB,,INR
75987009,25/06/24,100,,Not Found-SysB,,INR
57904968,25/08/24,150,,Not Found-SysB,,INR
84798984,08/09/24,28,,Not Found-SysB,,INR
89356196,08/09/24,3,,Not Found-SysB,,INR
77962507,13/06/24,150,,Not Found-SysB,,INR
63223757,25/11/24,1,,Not Found-SysB,,INR
23801859,31/10/24,25,,Not Found-SysB,,INR
84354804,16/08/24,50,,Not Found-SysB,,INR
17794659,16/11/24,100,,Not Found-SysB,,INR
54647940,14/07/24,150,,Not Found-SysB,,INR
24858904,02/07/24,207,,Not Found-SysB,,INR
96558412,18/11/24,4,,Not Found-SysB,,INR
73077886,06/08/24,250,,Not Found-SysB,,INR
68110740,21/11/24,20,,Not Found-SysB,,INR
58485098,28/10/24,3,,Not Found-SysB,,INR
79627858,27/06/24,10,,Not Found-SysB,,INR
29848277,19/06/24,150,,Not Found-SysB,,INR
77386900,27/10/24,156,,Not Found-SysB,,INR
50620717,06/10/24,75,,Not Found-SysB,,INR
71192603,12/05/24,2,,Not Found-SysB,,INR
70558724,14/08/24,18,,Not Found-SysB,,INR
73417309,26/08/24,200,,Not Found-SysB,,INR
99622317,24/08/24,22,,Not Found-SysB,,INR
44858272,12/09/24,1,,Not Found-SysB,,INR
20177478,16/05/24,10,,Not Found-SysB,,INR
88375141,15/11/24,100,,Not Found-SysB,,INR
65535765,19/07/24,30,,Not Found-SysB,,INR
89585580,13/11/24,10,,Not Found-SysB,,INR
99410219,26/07/24,3,,Not Found-SysB,,INR
55691819,27/09/24,10,,Not Found-SysB,,INR
90543964,09/05/24,10,,Not Found-SysB,,INR
85612952,03/07/24,15,,Not Found-SysB,,INR
20287097,15/06/24,25,,Not Found-SysB,,INR
85277740,07/11/24,400,,Not Found-SysB,,INR
40832488,15/09/24,97,,Not Found-SysB,,INR
91047873,26/11/24,46,,Not Found-SysB,,INR
21600272,26/07/24,200,,Not Found-SysB,,INR
78902543,14/08/24,148,,Not Found-SysB,,INR
98116130,20/09/24,500,,Not Found-SysB,,INR
84084953,22/11/24,100,,Not Found-SysB,,INR
85928022,15/10/24,80,,Not Found-SysB,,INR
38323970,15/07/24,1000,,Not Found-SysB,,INR
97907363,16/11/24,25,,Not Found-SysB,,INR
20236006,22/06/24,50,,Not Found-SysB,,INR
49152490,18/09/24,10,,Not Found-SysB,,INR
58084440,01/07/24,9,,Not Found-SysB,,INR
44108018,23/08/24,100,,Not Found-SysB,,INR
45177266,10/05/24,40,,Not Found-SysB,,INR
35155523,25/07/24,20,,Not Found-SysB,,INR
38213120,14/07/24,2,,Not Found-SysB,,INR
54844061,06/09/24,5000,,Not Found-SysB,,INR
10670699,12/10/24,2,,Not Found-SysB,,INR
51085870,02/05/24,5,,Not Found-SysB,,INR
19845928,05/09/24,10,,Not Found-SysB,,INR
10203255,11/10/24,3,,Not Found-SysB,,INR
56577058,23/11/24,46,,Not Found-SysB,,INR
98287663,01/07/24,20,,Not Found-SysB,,INR
74016260,19/09/24,5,,Not Found-SysB,,INR
93217004,07/05/24,100,,Not Found-SysB,,INR
77019357,23/07/24,10,,Not Found-SysB,,INR
43562749,04/10/24,100,,Not Found-SysB,,INR
83499159,22/05/24,5,,Not Found-SysB,,INR
49522692,01/07/24,10,,Not Found-SysB,,INR
12252485,30/09/24,200,,Not Found-SysB,,INR
83464863,27/07/24,200,,Not Found-SysB,,INR
32939216,16/11/24,20,,Not Found-SysB,,INR
82241669,18/10/24,75,,Not Found-SysB,,INR
95780962,29/04/24,9,,Not Found-SysB,,INR
67539153,10/09/24,600,,Not Found-SysB,,INR
90229633,07/09/24,40,,Not Found-SysB,,INR
67303074,09/08/24,100,,Not Found-SysB,,INR
84965844,31/08/24,6,,Not Found-SysB,,INR
13951990,04/10/24,300,,Not Found-SysB,,INR
35963599,24/09/24,12,,Not Found-SysB,,INR
93286682,05/07/24,5,,Not Found-SysB,,INR
89179084,13/10/24,5,,Not Found-SysB,,INR
82061435,22/06/24,50,,Not Found-SysB,,INR
92783722,01/07/24,100,,Not Found-SysB,,INR
46590569,22/05/24,4,,Not Found-SysB,,INR
20769582,01/09/24,199,,Not Found-SysB,,INR
63056535,07/05/24,5,,Not Found-SysB,,INR
80606186,17/10/24,2,,Not Found-SysB,,INR
99615118,19/09/24,20,,Not Found-SysB,,INR
71914280,21/05/24,2,,Not Found-SysB,,INR
75398276,11/09/24,49,,Not Found-SysB,,INR
66639184,01/07/24,100,,Not Found-SysB,,INR
58435378,09/05/24,50,,Not Found-SysB,,INR
43464548,15/11/24,244,,Not Found-SysB,,INR
40408690,09/06/24,150,,Not Found-SysB,,INR
96864568,27/09/24,14,,Not Found-SysB,,INR
93646370,02/05/24,19,,Not Found-SysB,,INR
60331355,18/10/24,197,,Not Found-SysB,,INR
96604928,13/06/24,500,,Not Found-SysB,,INR
50424564,15/06/24,1,,Not Found-SysB,,INR
62753680,13/06/24,500,,Not Found-SysB,,INR
73311859,01/06/24,3,,Not Found-SysB,,INR
91997915,12/09/24,150,,Not Found-SysB,,INR
70776569,03/05/24,400,,Not Found-SysB,,INR
25362225,26/07/24,5,,Not Found-SysB,,INR
81114286,03/10/24,2,,Not Found-SysB,,INR
54787097,22/08/24,1,,Not Found-SysB,,INR
53486983,20/09/24,17,,Not Found-SysB,,INR
41681040,27/05/24,243,,Not Found-SysB,,INR
39933702,21/11/24,30,,Not Found-SysB,,INR
97857169,13/11/24,15,,Not Found-SysB,,INR
89410693,30/10/24,1,,Not Found-SysB,,INR
15989891,25/11/24,600,,Not Found-SysB,,INR
14660046,20/11/24,100,,Not Found-SysB,,INR
13440167,17/07/24,30,,Not Found-SysB,,INR
13847073,28/07/24,150,,Not Found-SysB,,INR
18247339,03/07/24,45,,Not Found-SysB,,INR
65943410,18/08/24,200,,Not Found-SysB,,INR
34110164,25/11/24,400,,Not Found-SysB,,INR
27369395,01/07/24,50,,Not Found-SysB,,INR
63175905,17/08/24,5,,Not Found-SysB,,INR
98612975,01/07/24,45,,Not Found-SysB,,INR
94629012,27/05/24,40,,Not Found-SysB,,INR
69706374,23/11/24,13,,Not Found-SysB,,INR
89429345,03/05/24,300,,Not Found-SysB,,INR
12599332,22/07/24,29,,Not Found-SysB,,INR
64808093,05/09/24,1000,,Not Found-SysB,,INR
33941443,12/10/24,100,,Not Found-SysB,,INR
86581664,07/10/24,4,,Not Found-SysB,,INR
86433540,24/07/24,1500,,Not Found-SysB,,INR
83207481,26/10/24,176,,Not Found-SysB,,INR
38620600,25/05/24,10,,Not Found-SysB,,INR
14332489,19/09/24,1,,Not Found-SysB,,INR
77893925,15/07/24,10,,Not Found-SysB,,INR
60477196,20/09/24,1,,Not Found-SysB,,INR
60959361,20/11/24,20,,Not Found-SysB,,INR
21442740,18/11/24,100,,Not Found-SysB,,INR
86884624,01/07/24,150,,Not Found-SysB,,INR
96438101,15/08/24,16,,Not Found-SysB,,INR
54658405,07/06/24,100,,Not Found-SysB,,INR
57484048,29/10/24,100,,Not Found-SysB,,INR
24985179,25/05/24,25,,Not Found-SysB,,INR
30494638,27/04/24,86,,Not Found-SysB,,INR
22841033,26/04/24,1000,,Not Found-SysB,,INR
14044456,19/11/24,32,,Not Found-SysB,,INR
17205076,17/10/24,2,,Not Found-SysB,,INR
76811838,05/11/24,388,,Not Found-SysB,,INR
30482037,10/10/24,10,,Not Found-SysB,,INR
23875400,30/09/24,20,,Not Found-SysB,,INR
38885704,01/07/24,1,,Not Found-SysB,,INR
66888155,10/11/24,30,,Not Found-SysB,,INR
99071069,19/06/24,50,,Not Found-SysB,,INR
35407820,28/07/24,29,,Not Found-SysB,,INR
19996643,01/07/24,20,,Not Found-SysB,,INR
66064678,12/06/24,60,,Not Found-SysB,,INR
84890041,02/05/24,10,,Not Found-SysB,,INR
65540120,19/09/24,4,,Not Found-SysB,,INR
26700131,22/07/24,55,,Not Found-SysB,,INR
68628812,26/07/24,200,,Not Found-SysB,,INR
59088914,23/07/24,60,,Not Found-SysB,,INR
81967162,26/09/24,47,,Not Found-SysB,,INR
62084391,21/10/24,50,,Not Found-SysB,,INR
83043716,14/10/24,500,,Not Found-SysB,,INR
38941093,10/08/24,30,,Not Found-SysB,,INR
82698303,09/05/24,1,,Not Found-SysB,,INR
55983664,02/05/24,30,,Not Found-SysB,,INR
22543025,20/09/24,245,,Not Found-SysB,,INR
74963081,20/09/24,30,,Not Found-SysB,,INR
59791362,27/08/24,34,,Not Found-SysB,,INR
37966702,24/09/24,8,,Not Found-SysB,,INR
34159081,15/07/24,1,,Not Found-SysB,,INR
36585540,13/11/24,500,,Not Found-SysB,,INR
61923247,31/07/24,3,,Not Found-SysB,,INR
62294156,27/09/24,1000,,Not Found-SysB,,INR
43063103,17/10/24,4,,Not Found-SysB,,INR
37307539,01/07/24,30,,Not Found-SysB,,INR
57852245,24/08/24,1000,,Not Found-SysB,,INR
46041007,25/11/24,100,,Not Found-SysB,,INR
97793098,13/06/24,28,,Not Found-SysB,,INR
25404747,12/05/24,101,,Not Found-SysB,,INR
22078319,27/09/24,9,,Not Found-SysB,,INR
24146520,06/07/24,20,,Not Found-SysB,,INR
81781322,01/07/24,30,,Not Found-SysB,,INR
69678100,25/08/24,1000,,Not Found-SysB,,INR
72968901,29/07/24,564,,Not Found-SysB,,INR
38380607,03/06/24,30,,Not Found-SysB,,INR
33095755,14/10/24,6,,Not Found-SysB,,INR
74699524,29/08/24,20,,Not Found-SysB,,INR
67400446,03/09/24,3,,Not Found-SysB,,INR
13082278,09/08/24,400,,Not Found-SysB,,INR
95508405,06/07/24,20,,Not Found-SysB,,INR
71530472,14/08/24,250,,Not Found-SysB,,INR
35647444,28/05/24,3,,Not Found-SysB,,INR
96102988,22/06/24,40,,Not Found-SysB,,INR
55648302,08/09/24,50,,Not Found-SysB,,INR
14501386,27/06/24,2,,Not Found-SysB,,INR
91143051,20/09/24,18,,Not Found-SysB,,INR
17346900,13/05/24,200,,Not Found-SysB,,INR
17923472,15/09/24,50,,Not Found-SysB,,INR
98694022,22/09/24,1,,Not Found-SysB,,INR
93794658,08/08/24,80,,Not Found-SysB,,INR
64688103,19/05/24,60,,Not Found-SysB,,INR
68303166,07/05/24,400,,Not Found-SysB,,INR
87338670,15/06/24,50,,Not Found-SysB,,INR
94549448,24/11/24,18,,Not Found-SysB,,INR
69215772,10/08/24,100,,Not Found-SysB,,INR
94665578,11/09/24,100,,Not Found-SysB,,INR
81155727,30/07/24,500,,Not Found-SysB,,INR
38890691,03/06/24,60,,Not Found-SysB,,INR
47984311,16/10/24,100,,Not Found-SysB,,INR
88749495,17/09/24,10,,Not Found-SysB,,INR
92280862,31/10/24,30,,Not Found-SysB,,INR
45826833,31/10/24,199,,Not Found-SysB,,INR
22144525,26/10/24,100,,Not Found-SysB,,INR
78766449,17/11/24,6,,Not Found-SysB,,INR
80463490,20/10/24,115,,Not Found-SysB,,INR
92340843,26/06/24,5,,Not Found-SysB,,INR
83149872,18/06/24,2,,Not Found-SysB,,INR
22976577,08/09/24,100,,Not Found-SysB,,INR
12024825,29/09/24,57,,Not Found-SysB,,INR
51771672,04/10/24,500,,Not Found-SysB,,INR
29682974,17/06/24,150,,Not Found-SysB,,INR
37880804,09/05/24,3,,Not Found-SysB,,INR
77551914,07/11/24,17,,Not Found-SysB,,INR
28102471,08/09/24,35,,Not Found-SysB,,INR
75890445,28/04/24,70,,Not Found-SysB,,INR
77138615,15/06/24,1,,Not Found-SysB,,INR
21375711,10/06/24,300,,Not Found-SysB,,INR
43764916,06/09/24,2000,,Not Found-SysB,,INR
29543066,03/05/24,1,,Not Found-SysB,,INR
18431279,01/11/24,50,,Not Found-SysB,,INR
25959316,26/05/24,5,,Not Found-SysB,,INR
45205201,28/11/24,1,,Not Found-SysB,,INR
11112814,13/06/24,50,,Not Found-SysB,,INR
10957829,12/08/24,250,,Not Found-SysB,,INR
49264248,08/08/24,1000,,Not Found-SysB,,INR
67336579,01/07/24,95,,Not Found-SysB,,INR
62849294,13/07/24,75,,Not Found-SysB,,INR
29649403,26/06/24,5,,Not Found-SysB,,INR
75612816,01/07/24,50,,Not Found-SysB,,INR
51137286,24/07/24,2,,Not Found-SysB,,INR
64868632,23/09/24,10,,Not Found-SysB,,INR
32872138,18/10/24,10,,Not Found-SysB,,INR
20811966,20/07/24,30,,Not Found-SysB,,INR
90065257,19/08/24,3,,Not Found-SysB,,INR
97823294,14/08/24,1,,Not Found-SysB,,INR
61628329,20/08/24,56,,Not Found-SysB,,INR
35700594,25/09/24,50,,Not Found-SysB,,INR
25745693,26/10/24,100,,Not Found-SysB,,INR
48804248,19/09/24,50,,Not Found-SysB,,INR
78255034,30/07/24,200,,Not Found-SysB,,INR
33675460,21/06/24,870,,Not Found-SysB,,INR
90139911,25/11/24,230,,Not Found-SysB,,INR
12350750,04/10/24,12,,Not Found-SysB,,INR
44172083,28/04/24,300,,Not Found-SysB,,INR
52878977,04/06/24,100,,Not Found-SysB,,INR
17191405,12/10/24,250,,Not Found-SysB,,INR
10825577,06/10/24,247,,Not Found-SysB,,INR
22195570,24/11/24,1,,Not Found-SysB,,INR
49018214,12/05/24,1,,Not Found-SysB,,INR
10861423,22/07/24,50,,Not Found-SysB,,INR
96790489,24/09/24,10,,Not Found-SysB,,INR
89423403,11/10/24,30,,Not Found-SysB,,INR
26930308,14/05/24,30,,Not Found-SysB,,INR
55324398,25/10/24,100,,Not Found-SysB,,INR
45530709,27/07/24,200,,Not Found-SysB,,INR
35222783,14/09/24,19,,Not Found-SysB,,INR
46625635,12/05/24,50,,Not Found-SysB,,INR
10951588,04/10/24,10,,Not Found-SysB,,INR
93209937,28/05/24,50,,Not Found-SysB,,INR
43114323,26/11/24,300,,Not Found-SysB,,INR
98085843,01/11/24,59,,Not Found-SysB,,INR
63388803,01/07/24,50,,Not Found-SysB,,INR
59868442,06/09/24,200,,Not Found-SysB,,INR
97521893,25/07/24,25,,Not Found-SysB,,INR
23407347,05/08/24,50,,Not Found-SysB,,INR
31418177,07/10/24,50,,Not Found-SysB,,INR
39918562,18/09/24,2200,,Not Found-SysB,,INR
41290874,16/11/24,5,,Not Found-SysB,,INR
36084532,18/09/24,500,,Not Found-SysB,,INR
74477543,04/10/24,20,,Not Found-SysB,,INR
21665539,27/05/24,20,,Not Found-SysB,,INR
14034843,26/04/24,1,,Not Found-SysB,,INR
54393842,16/11/24,20,,Not Found-SysB,,INR
56834559,26/07/24,10,,Not Found-SysB,,INR
45526700,31/05/24,1000,,Not Found-SysB,,INR
97527910,15/06/24,100,,Not Found-SysB,,INR
68429386,22/11/24,93,,Not Found-SysB,,INR
53884309,07/09/24,120,,Not Found-SysB,,INR
78880129,04/10/24,13,,Not Found-SysB,,INR
54743948,26/11/24,200,,Not Found-SysB,,INR
29681595,03/05/24,22,,Not Found-SysB,,INR
98393130,21/05/24,10,,Not Found-SysB,,INR
12902686,14/10/24,35,,Not Found-SysB,,INR
25937639,17/10/24,120,,Not Found-SysB,,INR
68224542,24/10/24,50,,Not Found-SysB,,INR
27301435,01/07/24,100,,Not Found-SysB,,INR
25751485,13/06/24,299,,Not Found-SysB,,INR
53008999,25/08/24,1000,,Not Found-SysB,,INR
76977409,19/08/24,1,,Not Found-SysB,,INR
18457080,13/08/24,50,,Not Found-SysB,,INR
86872797,06/10/24,48,,Not Found-SysB,,INR
98066135,02/08/24,20,,Not Found-SysB,,INR
78363603,01/08/24,50,,Not Found-SysB,,INR
43328073,01/08/24,41,,Not Found-SysB,,INR
18118585,23/11/24,2,,Not Found-SysB,,INR
69708167,09/08/24,650,,Not Found-SysB,,INR
40372647,08/10/24,7,,Not Found-SysB,,INR
44163688,22/06/24,5,,Not Found-SysB,,INR
19276757,01/07/24,600,,Not Found-SysB,,INR
96515801,03/06/24,100,,Not Found-SysB,,INR
25209753,19/09/24,47,,Not Found-SysB,,INR
37090669,09/11/24,14,,Not Found-SysB,,INR
86382788,04/08/24,50,,Not Found-SysB,,INR
21302021,07/06/24,100,,Not Found-SysB,,INR
70830217,05/05/24,10,,Not Found-SysB,,INR
22090999,16/08/24,300,,Not Found-SysB,,INR
97496788,02/05/24,10,,Not Found-SysB,,INR
21673123,18/07/24,50,,Not Found-SysB,,INR
31626491,05/05/24,1,,Not Found-SysB,,INR
89106221,05/10/24,4,,Not Found-SysB,,INR
24615069,02/05/24,169,,Not Found-SysB,,INR
67833950,11/05/24,80,,Not Found-SysB,,INR
38193399,08/08/24,40,,Not Found-SysB,,INR
38106521,04/07/24,599,,Not Found-SysB,,INR
54449861,03/05/24,50,,Not Found-SysB,,INR
60094781,30/10/24,100,,Not Found-SysB,,INR
57190695,23/08/24,1000,,Not Found-SysB,,INR
13596061,23/09/24,100,,Not Found-SysB,,INR
15896044,19/09/24,700,,Not Found-SysB,,INR
12261362,27/06/24,3,,Not Found-SysB,,INR
28073383,30/05/24,20,,Not Found-SysB,,INR
37076970,30/08/24,5,,Not Found-SysB,,INR
58547439,21/06/24,6,,Not Found-SysB,,INR
39419549,16/06/24,50,,Not Found-SysB,,INR
37232877,25/06/24,1,,Not Found-SysB,,INR
48419471,19/05/24,5,,Not Found-SysB,,INR
50167748,30/10/24,19,,Not Found-SysB,,INR
47730311,30/05/24,900,,Not Found-SysB,,INR
49480975,03/05/24,20,,Not Found-SysB,,INR
31854469,31/08/24,3,,Not Found-SysB,,INR
16481377,23/09/24,30,,Not Found-SysB,,INR
68293384,19/06/24,5400,,Not Found-SysB,,INR
65720843,08/10/24,4,,Not Found-SysB,,INR
15494895,01/05/24,500,,Not Found-SysB,,INR
61540462,15/08/24,1000,,Not Found-SysB,,INR
82336280,06/06/24,300,,Not Found-SysB,,INR
15813086,01/11/24,50,,Not Found-SysB,,INR
15745147,01/08/24,2,,Not Found-SysB,,INR
39507139,15/09/24,3,,Not Found-SysB,,INR
86702945,15/09/24,1,,Not Found-SysB,,INR
28255885,01/07/24,10,,Not Found-SysB,,INR
95813679,01/07/24,3,,Not Found-SysB,,INR
28274084,16/07/24,200,,Not Found-SysB,,INR
13085933,10/09/24,100,,Not Found-SysB,,INR
39570077,17/08/24,130,,Not Found-SysB,,INR
18362059,01/08/24,250,,Not Found-SysB,,INR
15735017,03/11/24,100,,Not Found-SysB,,INR
93248916,27/11/24,73,,Not Found-SysB,,INR
80929165,02/11/24,90,,Not Found-SysB,,INR
20996049,27/08/24,80,,Not Found-SysB,,INR
24097531,16/07/24,2,,Not Found-SysB,,INR
68408287,28/04/24,500,,Not Found-SysB,,INR
16055864,15/10/24,100,,Not Found-SysB,,INR
14814292,02/10/24,20,,Not Found-SysB,,INR
27677564,28/04/24,300,,Not Found-SysB,,INR
81462247,01/07/24,1,,Not Found-SysB,,INR
79997761,19/09/24,500,,Not Found-SysB,,INR
86081654,06/08/24,10,,Not Found-SysB,,INR
93508824,03/05/24,300,,Not Found-SysB,,INR
78210083,30/04/24,5,,Not Found-SysB,,INR
75831249,06/08/24,4,,Not Found-SysB,,INR
82089912,02/10/24,100,,Not Found-SysB,,INR
40681121,21/10/24,50,,Not Found-SysB,,INR
73337301,18/06/24,20,,Not Found-SysB,,INR
32090954,05/11/24,200,,Not Found-SysB,,INR
98145624,07/10/24,11,,Not Found-SysB,,INR
48523812,27/09/24,268,,Not Found-SysB,,INR
61386211,04/10/24,2,,Not Found-SysB,,INR
20237331,19/06/24,29,,Not Found-SysB,,INR
30510380,01/11/24,200,,Not Found-SysB,,INR
76798927,03/09/24,518,,Not Found-SysB,,INR
67218172,02/05/24,20,,Not Found-SysB,,INR
14526405,19/09/24,50,,Not Found-SysB,,INR
24174523,15/10/24,500,,Not Found-SysB,,INR
34796794,17/10/24,1,,Not Found-SysB,,INR
44098697,08/05/24,953,,Not Found-SysB,,INR
67862005,05/09/24,15,,Not Found-SysB,,INR
55972624,27/09/24,300,,Not Found-SysB,,INR
52281998,09/08/24,1,,Not Found-SysB,,INR
51520157,14/10/24,50,,Not Found-SysB,,INR
46148357,08/06/24,100,,Not Found-SysB,,INR
12505323,07/09/24,1000,,Not Found-SysB,,INR
77032823,01/07/24,25,,Not Found-SysB,,INR
29836892,14/05/24,3,,Not Found-SysB,,INR
15510580,14/10/24,12,,Not Found-SysB,,INR
75838354,25/08/24,25,,Not Found-SysB,,INR
88196592,29/10/24,4,,Not Found-SysB,,INR
90460135,16/11/24,1,,Not Found-SysB,,INR
60986784,02/06/24,2,,Not Found-SysB,,INR
36117639,08/09/24,100,,Not Found-SysB,,INR
87624570,19/06/24,500,,Not Found-SysB,,INR
13069429,31/07/24,1000,,Not Found-SysB,,INR
92746758,05/11/24,100,,Not Found-SysB,,INR
33098524,12/05/24,25,,Not Found-SysB,,INR
24374361,22/09/24,120,,Not Found-SysB,,INR
59695088,01/07/24,2,,Not Found-SysB,,INR
59776274,05/06/24,50,,Not Found-SysB,,INR
83620219,19/09/24,5,,Not Found-SysB,,INR
83590932,07/08/24,1,,Not Found-SysB,,INR
84309276,21/07/24,1,,Not Found-SysB,,INR
41444142,24/05/24,18,,Not Found-SysB,,INR
31020603,18/09/24,200,,Not Found-SysB,,INR
71758667,19/09/24,300,,Not Found-SysB,,INR
46303763,27/05/24,10,,Not Found-SysB,,INR
54285371,16/09/24,100,,Not Found-SysB,,INR
18330111,23/10/24,10,,Not Found-SysB,,INR
42043959,21/07/24,5,,Not Found-SysB,,INR
83610253,05/05/24,500,,Not Found-SysB,,INR
74421922,21/11/24,5,,Not Found-SysB,,INR
22519514,06/07/24,100,,Not Found-SysB,,INR
73355107,01/07/24,35000,,Not Found-SysB,,INR
60815279,01/07/24,100,,Not Found-SysB,,INR
37340099,13/07/24,20,,Not Found-SysB,,INR
38050318,02/09/24,800,,Not Found-SysB,,INR
69581996,13/10/24,17,,Not Found-SysB,,INR
91271699,26/06/24,30,,Not Found-SysB,,INR
72144722,12/05/24,5,,Not Found-SysB,,INR
21435541,16/11/24,10,,Not Found-SysB,,INR
22687493,25/10/24,500,,Not Found-SysB,,INR
56085972,09/06/24,425,,Not Found-SysB,,INR
94326006,26/09/24,126,,Not Found-SysB,,INR
95747627,17/10/24,20,,Not Found-SysB,,INR
69040244,10/11/24,10,,Not Found-SysB,,INR
90902334,01/07/24,250,,Not Found-SysB,,INR
71569531,12/05/24,500,,Not Found-SysB,,INR
91321404,27/10/24,10,,Not Found-SysB,,INR
79132499,28/06/24,1,,Not Found-SysB,,INR
97979098,25/11/24,200,,Not Found-SysB,,INR
24378985,25/11/24,50,,Not Found-SysB,,INR
71716559,02/05/24,1,,Not Found-SysB,,INR
46129853,04/07/24,16,,Not Found-SysB,,INR
32203657,08/09/24,47,,Not Found-SysB,,INR
46387502,11/10/24,100,,Not Found-SysB,,INR
43504431,07/06/24,13,,Not Found-SysB,,INR
54719338,27/11/24,30,,Not Found-SysB,,INR
50274587,23/07/24,600,,Not Found-SysB,,INR
85871045,18/07/24,20,,Not Found-SysB,,INR
29976412,01/07/24,20,,Not Found-SysB,,INR
28532743,01/07/24,100,,Not Found-SysB,,INR
28940505,02/05/24,100,,Not Found-SysB,,INR
17044587,12/07/24,50,,Not Found-SysB,,INR
16730750,16/09/24,100,,Not Found-SysB,,INR
57978403,07/07/24,200,,Not Found-SysB,,INR
15236715,13/06/24,185,,Not Found-SysB,,INR
40931991,06/10/24,10,,Not Found-SysB,,INR
39100456,30/04/24,1,,Not Found-SysB,,INR
31357172,08/11/24,116,,Not Found-SysB,,INR
72138893,10/05/24,20,,Not Found-SysB,,INR
89073657,23/11/24,200,,Not Found-SysB,,INR
64594846,25/10/24,14,,Not Found-SysB,,INR
15934735,01/07/24,7,,Not Found-SysB,,INR
20457243,20/09/24,80,,Not Found-SysB,,INR
94788562,11/11/24,20,,Not Found-SysB,,INR
46069898,09/11/24,10,,Not Found-SysB,,INR
18137884,03/08/24,10,,Not Found-SysB,,INR
57114031,15/08/24,1000,,Not Found-SysB,,INR
91110755,04/07/24,25,,Not Found-SysB,,INR
14945965,05/11/24,1,,Not Found-SysB,,INR
50410453,24/06/24,1000,,Not Found-SysB,,INR
28313523,19/09/24,10,,Not Found-SysB,,INR
47468168,23/06/24,230,,Not Found-SysB,,INR
97330047,18/11/24,10,,Not Found-SysB,,INR
48880559,01/11/24,3,,Not Found-SysB,,INR
91822857,25/04/24,12,,Not Found-SysB,,INR
69299215,03/10/24,100,,Not Found-SysB,,INR
88307450,26/11/24,150,,Not Found-SysB,,INR
98372107,07/09/24,5,,Not Found-SysB,,INR
15681634,01/07/24,50,,Not Found-SysB,,INR
68163896,27/11/24,3,,Not Found-SysB,,INR
63327378,16/06/24,18,,Not Found-SysB,,INR
22442046,04/10/24,5,,Not Found-SysB,,INR
92431127,03/07/24,100,,Not Found-SysB,,INR
92450448,13/10/24,4,,Not Found-SysB,,INR
18878448,04/11/24,10,,Not Found-SysB,,INR
43446878,13/08/24,5,,Not Found-SysB,,INR
45433711,19/11/24,20,,Not Found-SysB,,INR
53822131,09/11/24,981,,Not Found-SysB,,INR
90087936,14/07/24,30,,Not Found-SysB,,INR
12691685,19/08/24,5,,Not Found-SysB,,INR
55338376,19/06/24,20,,Not Found-SysB,,INR
66184382,03/06/24,10,,Not Found-SysB,,INR
60277833,04/07/24,19,,Not Found-SysB,,INR
19318496,07/11/24,1000,,Not Found-SysB,,INR
92522643,17/10/24,10,,Not Found-SysB,,INR
89256945,11/07/24,10,,Not Found-SysB,,INR
57970255,08/08/24,2,,Not Found-SysB,,INR
74449401,14/10/24,200,,Not Found-SysB,,INR
63203585,05/06/24,3,,Not Found-SysB,,INR
53087192,24/08/24,113,,Not Found-SysB,,INR
36078735,18/11/24,15,,Not Found-SysB,,INR
98515700,07/10/24,150,,Not Found-SysB,,INR
93164448,16/08/24,100,,Not Found-SysB,,INR
86295684,08/08/24,20,,Not Found-SysB,,INR
11851550,26/11/24,100,,Not Found-SysB,,INR
41022757,02/07/24,12,,Not Found-SysB,,INR
73567464,26/07/24,40,,Not Found-SysB,,INR
78757746,26/08/24,200,,Not Found-SysB,,INR
45018269,25/06/24,1,,Not Found-SysB,,INR
49472214,18/09/24,2387,,Not Found-SysB,,INR
85972391,06/07/24,51,,Not Found-SysB,,INR
76146022,30/09/24,60,,Not Found-SysB,,INR
10115035,18/05/24,600,,Not Found-SysB,,INR
34753260,04/08/24,4,,Not Found-SysB,,INR
75160560,17/05/24,11,,Not Found-SysB,,INR
54596439,03/09/24,20,,Not Found-SysB,,INR
39269759,01/07/24,1,,Not Found-SysB,,INR
91141624,26/10/24,32,,Not Found-SysB,,INR
96390132,10/06/24,1,,Not Found-SysB,,INR
90932772,03/06/24,10,,Not Found-SysB,,INR
87150487,24/06/24,10,,Not Found-SysB,,INR
17847435,22/10/24,100,,Not Found-SysB,,INR
92815243,06/11/24,35,,Not Found-SysB,,INR
79026903,22/06/24,200,,Not Found-SysB,,INR
64845003,03/08/24,60,,Not Found-SysB,,INR
81107557,25/07/24,250,,Not Found-SysB,,INR
21655975,01/07/24,654,,Not Found-SysB,,INR
13359585,24/08/24,3,,Not Found-SysB,,INR
16230846,11/08/24,15,,Not Found-SysB,,INR
12202770,19/05/24,1,,Not Found-SysB,,INR
59465121,27/09/24,12,,Not Found-SysB,,INR
39694941,26/04/24,14,,Not Found-SysB,,INR
84236115,18/05/24,40,,Not Found-SysB,,INR
90817852,02/10/24,30,,Not Found-SysB,,INR
87922114,08/05/24,40,,Not Found-SysB,,INR
